FileName,CX,CY,W,H,Class
image no (2).jpeg,46,89,42,27,mask
image no (2).jpeg,218,31,40,36,mask
image no (2).jpeg,6,195,53,34,mask
image no (2).jpeg,194,196,56,30,mask
image no (2).jpeg,166,274,37,49,mask
image no (2).jpeg,283,304,42,32,mask
image no (2).jpeg,452,208,37,38,mask
image no (2).jpeg,486,31,33,40,mask
image no (2).jpeg,285,76,49,29,mask
image no (2).jpeg,513,108,50,35,mask
image no (2).jpeg,606,17,52,35,mask
image no (2).jpeg,710,122,37,36,mask
image no (2).jpeg,618,240,50,32,mask
image no (2).jpeg,482,292,56,44,mask
image no (3).jpg,155,394,212,369,vest
image no (3).jpg,384,412,180,394,vest
image no (3).jpg,671,392,200,397,vest
image no (3).jpg,504,369,210,417,vest
image no (4).jpeg,620,197,78,63,mask
image no (4).jpeg,478,212,64,45,mask
image no (4).jpeg,378,296,64,53,mask
image no (4).jpeg,108,201,123,87,mask
image no (4).jpeg,730,191,51,57,mask
image no (4).jpeg,849,238,77,74,mask
image no (5).jpeg,130,849,148,86,mask
image no (5).jpeg,698,748,109,76,mask
image no (5).jpeg,959,604,109,94,mask
image no (5).jpeg,797,584,99,94,mask
image no (5).jpeg,409,396,107,89,mask
image no (5).jpeg,531,375,104,78,mask
image no (5).jpeg,263,44,99,86,mask
image no (5).jpeg,1068,138,109,89,mask
image no (5).jpeg,1485,383,115,76,mask
image no (5).jpeg,2074,828,182,120,mask
image no (5).jpeg,1646,761,159,117,mask
image no (5).jpeg,1811,1146,120,141,mask
image no (5).jpeg,2194,1365,143,109,mask
image no (5).jpeg,1159,1034,138,120,mask
image no (5).jpeg,1008,1469,175,89,mask
image no (5).jpeg,474,1284,206,120,mask
image no (5).jpeg,1039,795,169,94,mask
image no (5).jpeg,1141,438,107,83,mask
image no (5).jpeg,972,305,96,70,mask
image no (5).jpeg,1352,208,83,78,mask
image no (5).jpeg,2095,344,99,122,mask
image no (6).jpeg,78,165,148,119,hardhat
image no (7).jpeg,142,64,123,86,hardhat
image no (8).jpeg,14,228,202,276,vest
image no (8).jpeg,94,169,257,256,vest
image no (8).jpeg,107,72,320,288,vest
image no (9).jpg,499,54,255,195,hardhat
image no (9).jpg,383,362,459,739,vest
image no (10).jpg,239,107,219,173,hardhat
image no (10).jpg,86,349,389,332,vest
image no (11).jpg,158,7,74,49,hardhat
image no (11).jpg,381,2,88,33,hardhat
image no (11).jpg,118,89,137,187,vest
image no (11).jpg,346,64,148,179,vest
image no (12).jpg,200,7,148,97,hardhat
image no (12).jpg,260,149,258,306,vest
image no (13).jpg,38,128,165,224,vest
image no (13).jpg,315,176,107,232,vest
image no (14).jpg,392,268,436,660,vest
image no (15).jpg,158,23,132,67,hardhat
image no (15).jpg,162,178,173,146,vest
image no (16).jpg,184,40,130,183,vest
image no (16).jpg,414,87,100,197,vest
image no (16).jpg,526,101,72,152,vest
image no (16).png,13,44,281,213,hardhat
image no (17).jpg,897,114,293,216,hardhat
image no (17).jpg,1259,286,220,194,hardhat
image no (17).jpg,785,373,486,413,vest
image no (17).jpg,1307,542,272,236,vest
image no (18).jpg,221,28,174,91,hardhat
image no (18).jpg,407,105,149,105,hardhat
image no (18).jpg,662,25,157,112,hardhat
image no (18).jpg,129,214,243,461,vest
image no (18).jpg,380,300,315,381,vest
image no (18).jpg,688,239,306,429,vest
image no (18).png,304,24,266,152,hardhat
image no (19).jpg,327,115,400,293,boots
image no (19).jpg,737,84,331,265,boots
image no (19).png,190,182,32,30,hardhat
image no (19).png,237,191,38,35,hardhat
image no (19).png,167,220,47,74,vest
image no (19).png,227,231,50,80,vest
image no (20).jpg,22,111,519,786,boots
image no (20).png,171,4,211,108,hardhat
image no (21).png,281,36,299,155,hardhat
image no (21).png,207,437,493,689,vest
image no (22).jpg,98,161,712,883,boots
image no (22).png,32,370,114,45,boots
image no (22).png,58,87,109,128,vest
image no (23).jpg,129,606,157,322,boots
image no (23).jpg,358,620,213,327,boots
image no (23).jpg,37,397,97,101,boots
image no (23).jpg,155,400,44,90,boots
image no (24).jpg,226,118,228,274,boots
image no (24).jpg,487,161,317,343,boots
image no (24).jpg,873,285,417,429,boots
image no (25).jpg,105,47,302,546,boots
image no (25).jpg,398,4,296,346,boots
image no (26).jpg,31,350,593,562,boots
image no (27).jpg,144,127,179,178,boots
image no (28).jpg,39,113,160,142,boots
image no (28).jpg,136,4,142,164,boots
image no (29).jpg,77,362,501,567,boots
image no (30).jpg,198,81,186,340,boots
image no (30).jpg,588,125,350,336,boots
image no (31).jpg,202,197,292,316,boots
image no (32).jpg,314,224,156,340,boots
image no (33).jpg,50,415,131,79,boots
image no (33).jpg,335,195,351,253,boots
image no (34).jpg,484,336,577,336,boots
image no (35).jpg,343,231,1096,723,boots
image no (36).jpg,130,45,453,882,boots
image no (37).jpg,65,344,1312,1465,boots
image no (38).jpg,763,124,444,501,boots
image no (39).jpg,329,551,319,386,boots
image no (40).jpg,260,384,208,192,boots
image no (40).jpg,696,762,136,122,boots
image no (40).jpg,706,200,54,64,mask
image no (41).jpg,282,205,242,204,boots
image no (41).jpg,530,295,241,111,boots
image no (42).jpg,197,517,391,352,boots
image no (43).jpg,191,80,322,340,boots
image no (43).jpg,437,66,255,288,boots
image no (44).jpg,537,109,298,396,boots
image no (44).jpg,185,340,315,116,boots
image no (45).jpg,3,198,603,777,boots
image no (46).jpg,187,487,435,474,boots
image no (47).jpg,85,581,224,212,boots
image no (47).jpg,487,597,240,189,boots
image no (47).jpg,921,625,196,144,boots
image no (48).jpg,174,186,313,398,boots
image no (48).jpg,509,158,344,429,boots
image no (49).jpg,94,331,298,347,boots
image no (49).jpg,467,331,161,395,boots
image no (49).jpg,900,362,231,389,boots
image no (50).jpg,325,248,280,362,boots
image no (51).jpg,19,472,282,187,boots
image no (52).jpg,280,485,410,337,boots
image no (53).jpg,326,1150,332,335,boots
image no (54).jpg,153,512,648,641,boots
image no (55).jpg,207,83,669,548,boots
image no (56).jpg,94,207,484,592,boots
image no (56).jpg,671,261,479,538,boots
image no (57).jpg,145,193,438,452,boots
image no (57).jpg,763,153,403,427,boots
image no (58).jpg,246,268,447,453,boots
image no (58).jpg,810,456,309,278,boots
image no (59).jpg,251,441,354,265,mask
image no (59).jpg,726,451,227,232,mask
image no (59).jpg,1001,458,128,150,mask
image no (60).jpg,675,512,138,120,mask
image no (60).jpg,1117,516,164,74,mask
image no (60).jpg,1563,464,140,96,mask
image no (61).jpg,923,232,310,288,mask
image no (62).jpg,541,112,162,158,mask
image no (63).jpg,301,241,137,99,mask
image no (63).jpg,852,185,172,129,mask
image no (64).jpg,688,225,295,362,mask
image no (65).jpg,36,256,37,29,mask
image no (65).jpg,142,240,31,32,mask
image no (65).jpg,233,257,42,27,mask
image no (65).jpg,321,227,39,40,mask
image no (65).jpg,402,241,44,31,mask
image no (65).jpg,473,262,53,34,mask
image no (65).jpg,574,238,43,37,mask
image no (65).jpg,531,208,34,34,mask
image no (65).jpg,449,221,33,36,mask
image no (65).jpg,366,201,29,35,mask
image no (65).jpg,286,196,30,40,mask
image no (65).jpg,192,200,33,34,mask
image no (65).jpg,94,196,34,35,mask
image no (65).jpg,16,205,32,29,mask
image no (66).jpg,378,181,143,104,mask
image no (66).jpg,115,307,137,121,mask
image no (66).jpg,63,230,62,93,mask
image no (66).jpg,769,150,84,88,mask
image no (66).jpg,897,151,102,86,mask
image no (66).jpg,1047,152,107,87,mask
image no (66).jpg,840,25,63,76,mask
image no (66).jpg,679,13,65,59,mask
image no (66).jpg,243,163,55,71,mask
image no (68).jpg,4,416,324,317,mask
image no (68).jpg,614,542,270,259,mask
image no (68).jpg,1180,225,248,180,mask
image no (69).jpg,179,617,235,203,mask
image no (69).jpg,459,186,92,73,mask
image no (69).jpg,1071,909,205,241,mask
image no (69).jpg,821,181,77,64,mask
image no (69).jpg,166,162,94,60,mask
image no (69).jpg,19,179,77,83,mask
image no (70).jpg,254,189,131,107,mask
image no (70).jpg,450,324,101,113,mask
image no (71).jpg,330,232,106,78,mask
image no (71).jpg,504,300,99,62,mask
image no (71).jpg,649,286,51,54,mask
image no (72).jpg,73,168,108,76,mask
image no (72).jpg,267,161,154,100,mask
image no (73).jpg,346,204,250,168,mask
image no (75).jpg,614,338,120,119,mask
image no (77).jpg,64,208,228,192,mask
image no (77).jpg,532,130,90,67,mask
image no (78).jpg,136,562,406,302,mask
image no (79).jpg,318,232,157,110,mask
image no (80).jpg,82,42,60,57,mask
image no (80).jpg,335,67,71,49,mask
image no (80).jpg,504,74,68,58,mask
image no (81).jpg,220,311,216,149,mask
image no (81).jpg,114,149,119,117,mask
image no (81).jpg,609,179,171,140,mask
image no (81).jpg,777,443,179,181,mask
image no (81).jpg,1250,274,179,194,mask
image no (81).jpg,1643,384,212,261,mask
image no (81).jpg,1870,333,205,162,mask
image no (82).jpg,864,243,164,106,mask
image no (82).jpg,605,296,146,96,mask
image no (82).jpg,146,208,99,81,mask
image no (83).jpg,434,1060,382,227,mask
image no (83).jpg,963,736,299,225,mask
image no (83).jpg,1669,970,332,257,mask
image no (83).jpg,1487,579,244,269,mask
image no (83).jpg,1115,220,247,220,mask
image no (83).jpg,262,484,239,225,mask
image no (83).jpg,97,886,212,267,mask
image no (84).jpg,138,514,277,200,mask
image no (84).jpg,516,646,313,261,mask
image no (84).jpg,900,229,268,232,mask
image no (84).jpg,1264,411,332,220,mask
image no (85).jpg,556,118,100,89,mask
image no (85).jpg,746,210,83,102,mask
image no (86).jpg,172,245,204,129,mask
image no (86).jpg,544,152,84,103,mask
image no (86).jpg,674,157,45,70,mask
image no (87).jpg,314,130,45,39,mask
image no (87).jpg,464,132,40,31,mask
image no (88).jpg,82,193,100,67,mask
image no (88).jpg,160,269,90,64,mask
image no (88).jpg,272,295,119,78,mask
image no (88).jpg,449,247,121,118,mask
image no (88).jpg,722,345,107,119,mask
image no (88).jpg,655,160,119,98,mask
image no (88).jpg,1013,363,138,106,mask
image no (89).jpg,237,180,45,49,mask
image no (89).jpg,275,75,54,49,mask
image no (89).jpg,392,141,47,47,mask
image no (89).jpg,449,181,39,46,mask
image no (89).jpg,498,195,43,35,mask
image no (89).jpg,535,68,52,47,mask
image no (90).jpg,193,68,81,108,mask
image no (91).jpg,422,327,109,111,mask
image no (91).jpg,586,363,158,172,mask
image no (91).jpg,837,516,114,106,mask
image no (92).jpg,464,327,308,195,mask
image no (93).jpg,81,527,221,134,mask
image no (93).jpg,495,426,104,119,mask
image no (93).jpg,632,483,182,156,mask
image no (93).jpg,846,381,93,87,mask
image no (93).jpg,987,354,83,74,mask
image no (93).jpg,1193,360,90,123,mask
image no (94).jpg,2,7,635,399,boots
image no (94).jpg,651,21,385,553,hardhat
image no (95).jpg,67,350,1833,1317,hardhat
image no (96).jpg,342,66,332,217,hardhat
image no (97).jpg,253,287,282,313,hardhat
image no (98).jpg,19,37,308,185,mask
image no (99).jpg,196,4,137,76,hardhat
image no (99).jpg,229,176,124,235,vest
image no (99).jpg,187,658,163,127,boots
image no (99).jpg,195,100,43,49,mask
image no (100).jpg,212,166,183,189,hardhat
image no (101).jpg,472,60,280,196,hardhat
image no (101).jpg,526,397,252,451,vest
image no (102).jpg,284,52,226,170,hardhat
image no (102).jpg,438,4,198,268,vest
image no (103).jpg,32,67,463,301,hardhat
image no (104).jpg,51,24,33,39,hardhat
image no (104).jpg,108,29,68,40,hardhat
image no (104).jpg,214,22,77,42,hardhat
image no (104).jpg,365,4,51,51,hardhat
image no (104).jpg,488,32,66,42,hardhat
image no (104).jpg,21,88,81,136,vest
image no (104).jpg,95,69,123,179,vest
image no (104).jpg,192,55,126,203,vest
image no (104).jpg,331,63,130,203,vest
image no (104).jpg,471,83,128,173,vest
image no (105).jpg,1209,143,872,305,hardhat
image no (105).jpg,1102,891,1186,1021,vest
image no (106).jpg,6,4,107,121,hardhat
image no (106).jpg,214,20,85,73,hardhat
image no (106).jpg,312,63,101,89,hardhat
image no (106).jpg,600,26,151,104,hardhat
image no (106).jpg,10,186,222,336,vest
image no (106).jpg,137,97,144,146,vest
image no (106).jpg,185,200,264,320,vest
image no (106).jpg,462,214,316,299,vest
image no (107).jpg,61,90,630,418,hardhat
image no (107).jpg,4,688,547,376,vest
image no (108).jpg,109,17,38,18,hardhat
image no (108).jpg,96,62,61,80,vest
image no (108).jpg,118,41,26,16,mask
image no (108).jpg,102,216,59,38,boots
image no (109).jpg,62,24,1102,369,hardhat
image no (110).jpg,270,189,229,148,hardhat
image no (110).jpg,521,245,200,146,hardhat
image no (110).jpg,863,150,216,119,hardhat
image no (110).jpg,1184,311,233,124,hardhat
image no (110).jpg,82,507,354,663,vest
image no (110).jpg,455,552,338,618,vest
image no (110).jpg,776,414,375,719,vest
image no (110).jpg,1190,612,402,575,vest
image no (111).jpg,1,46,112,66,hardhat
image no (111).jpg,199,10,105,74,hardhat
image no (111).jpg,3,146,147,256,vest
image no (111).jpg,175,107,217,289,vest
image no (111).jpg,531,110,77,83,hardhat
image no (111).jpg,502,238,103,159,vest
image no (112).jpg,191,157,519,389,boots
image no (112).jpg,814,108,482,375,hardhat
image no (113).jpg,59,193,27,37,boots
image no (113).jpg,123,170,19,28,boots
image no (113).jpg,178,183,10,17,boots
image no (113).jpg,201,147,27,30,boots
image no (113).jpg,248,156,27,27,boots
image no (114).jpg,100,53,637,317,boots
image no (115).jpg,10,131,232,241,hardhat
image no (115).jpg,260,200,345,185,hardhat
image no (116).jpg,350,1,220,350,vest
image no (116).jpg,276,132,113,142,hardhat
image no (117).jpg,311,33,380,456,vest
image no (117).jpg,732,37,423,444,boots
image no (117).jpg,563,487,416,292,hardhat
image no (118).jpg,91,157,199,142,vest
image no (118).jpg,316,93,261,280,vest
image no (118).jpg,563,642,111,53,boots
image no (119).jpg,4,4,494,369,hardhat
image no (120).jpg,178,43,778,967,boots
image no (121).jpg,371,158,143,106,hardhat
image no (121).jpg,338,325,240,403,vest
image no (121).jpg,320,1104,247,167,boots
image no (122).jpg,396,58,164,118,hardhat
image no (122).jpg,282,236,347,449,vest
image no (122).jpg,218,1042,320,208,boots
image no (123).jpg,503,4,241,112,hardhat
image no (124).jpg,63,101,940,739,boots
image no (124).jpg,1231,75,944,590,hardhat
image no (124).jpg,940,911,843,1209,vest
image no (125).jpg,275,0,110,36,hardhat
image no (125).jpg,410,3,104,38,hardhat
image no (125).jpg,222,104,196,184,vest
image no (125).jpg,424,100,237,193,vest
image no (126).jpg,577,47,144,107,hardhat
image no (126).jpg,597,187,94,54,mask
image no (126).jpg,528,266,238,363,vest
image no (126).jpg,547,1082,266,32,boots
image no (127).jpg,142,144,778,576,boots
image no (128).jpg,485,46,207,129,hardhat
image no (128).jpg,426,253,253,407,vest
image no (128).jpg,623,196,61,49,mask
image no (128).jpg,353,1110,391,108,boots
image no (129).jpg,316,106,223,100,hardhat
image no (129).jpg,275,260,264,433,vest
image no (129).jpg,327,1080,180,201,boots
image no (130).jpg,64,203,632,888,vest
image no (130).jpg,67,1101,560,445,boots
image no (130).jpg,712,133,853,835,hardhat
image no (131).jpg,313,83,201,100,hardhat
image no (131).jpg,252,271,259,442,vest
image no (131).jpg,146,1084,176,160,boots
image no (131).jpg,491,1089,245,134,boots
image no (132).jpg,106,25,88,55,hardhat
image no (132).jpg,50,116,212,96,vest
image no (133).jpg,366,60,195,137,hardhat
image no (133).jpg,405,280,241,458,vest
image no (133).jpg,93,1037,236,199,boots
image no (133).jpg,581,1074,174,181,boots
image no (134).jpg,227,100,181,123,hardhat
image no (134).jpg,134,280,215,421,vest
image no (134).jpg,336,991,169,197,boots
image no (134).jpg,507,618,220,176,boots
image no (135).jpg,225,104,153,100,hardhat
image no (135).jpg,144,296,320,389,vest
image no (135).jpg,206,1079,262,162,boots
image no (136).jpg,134,24,52,42,hardhat
image no (136).jpg,121,115,95,145,vest
image no (136).jpg,62,428,156,53,boots
image no (137).jpg,229,197,52,33,hardhat
image no (137).jpg,488,189,79,46,hardhat
image no (137).jpg,773,190,58,37,hardhat
image no (137).jpg,1036,196,81,34,hardhat
image no (137).jpg,1319,189,58,44,hardhat
image no (137).jpg,203,248,120,159,vest
image no (137).jpg,203,248,120,159,mask
image no (137).jpg,203,248,120,159,mask
image no (137).jpg,487,259,82,165,vest
image no (137).jpg,205,468,108,67,boots
image no (137).jpg,477,480,111,61,boots
image no (137).jpg,769,259,96,153,vest
image no (137).jpg,765,458,82,77,boots
image no (137).jpg,1013,240,120,166,vest
image no (137).jpg,1025,456,77,82,boots
image no (137).jpg,1276,247,129,170,vest
image no (137).jpg,1287,465,100,77,boots
image no (138).jpg,191,11,99,55,hardhat
image no (138).jpg,194,78,48,51,mask
image no (138).jpg,158,140,198,184,vest
image no (139).jpg,123,45,21,24,hardhat
image no (139).jpg,113,76,42,16,mask
image no (139).jpg,108,243,89,43,boots
image no (139).jpg,192,452,46,32,hardhat
image no (139).jpg,186,491,50,24,mask
image no (139).jpg,169,512,63,118,vest
image no (139).jpg,139,716,95,67,boots
image no (139).jpg,386,202,79,38,hardhat
image no (139).jpg,412,257,49,39,mask
image no (139).jpg,352,305,158,189,vest
image no (139).jpg,365,714,45,63,boots
image no (139).jpg,768,306,64,30,hardhat
image no (139).jpg,775,348,43,25,mask
image no (139).jpg,744,373,106,138,vest
image no (139).jpg,735,651,93,88,boots
image no (140).jpg,118,5,468,250,hardhat
image no (140).jpg,596,13,413,142,hardhat
image no (141).jpg,1,166,90,108,hardhat
image no (141).jpg,104,149,134,145,hardhat
image no (141).jpg,272,192,122,173,hardhat
image no (141).jpg,419,147,195,171,hardhat
image no (141).jpg,665,120,232,224,hardhat
image no (143).jpg,593,32,505,220,hardhat
image no (144).jpg,217,123,297,234,hardhat
image no (145).jpg,197,8,81,48,hardhat
image no (146).jpg,183,154,168,108,hardhat
image no (146).jpg,197,274,127,81,mask
image no (146).jpg,114,343,260,355,vest
image no (146).jpg,519,509,98,93,mask
image no (146).jpg,397,607,378,378,vest
image no (146).jpg,613,825,148,139,hardhat
image no (146).jpg,767,170,177,64,hardhat
image no (146).jpg,765,262,110,66,mask
image no (146).jpg,1286,96,120,85,hardhat
image no (146).jpg,1284,204,129,94,mask
image no (146).jpg,1203,312,320,393,vest
image no (147).jpg,83,16,94,57,hardhat
image no (147).jpg,224,37,97,77,hardhat
image no (147).jpg,405,24,117,72,hardhat
image no (148).jpg,335,26,87,53,hardhat
image no (149).jpg,129,236,120,81,hardhat
image no (150).jpg,283,61,169,79,hardhat
image no (151).jpg,370,196,82,49,hardhat
image no (151).jpg,582,124,84,74,hardhat
image no (151).jpg,705,120,121,52,hardhat
image no (151).jpg,368,307,142,193,vest
image no (151).jpg,562,242,140,272,vest
image no (151).jpg,719,259,195,298,vest
image no (152).jpg,65,20,1101,388,hardhat
image no (153).jpg,235,4,163,52,hardhat
image no (153).jpg,417,8,289,89,hardhat
image no (154).jpg,350,36,96,39,hardhat
image no (155).jpg,70,17,88,60,hardhat
image no (156).jpg,207,117,226,132,hardhat
image no (157).jpg,285,4,108,59,hardhat
image no (157).jpg,246,132,182,163,vest
image no (160).jpg,323,100,135,57,hardhat
image no (160).jpg,762,18,384,110,hardhat
image no (161).jpg,154,80,118,51,hardhat
image no (161).jpg,338,85,113,49,hardhat
image no (162).jpg,191,75,53,39,hardhat
image no (162).jpg,252,79,41,30,hardhat
image no (162).jpg,296,47,66,35,hardhat
image no (163).jpg,50,22,62,45,hardhat
image no (163).jpg,185,4,53,48,hardhat
image no (163).jpg,24,92,106,153,vest
image no (163).jpg,154,86,130,166,vest
image no (164).jpg,1097,221,271,181,hardhat
image no (164).jpg,1036,535,477,461,vest
image no (165).jpg,554,46,573,286,hardhat
image no (166).jpg,606,59,381,192,hardhat
image no (166).jpg,608,486,418,469,vest
image no (167).jpg,121,150,131,83,hardhat
image no (167).jpg,333,101,137,123,hardhat
image no (167).jpg,61,306,231,336,vest
image no (167).jpg,299,266,230,355,vest
image no (168).jpg,17,39,1432,1034,hardhat
image no (169).jpg,95,59,518,392,hardhat
image no (169).jpg,665,5,454,118,hardhat
image no (169).jpg,1388,2,457,189,hardhat
image no (169).jpg,54,541,485,483,vest
image no (169).jpg,634,196,464,782,vest
image no (169).jpg,1327,324,560,686,vest
image no (170).jpg,317,26,437,239,hardhat
image no (170).jpg,239,463,653,978,vest
image no (171).jpg,251,101,101,80,hardhat
image no (171).jpg,482,154,148,82,hardhat
image no (171).jpg,172,212,209,248,vest
image no (171).jpg,459,267,183,258,vest
image no (172).jpg,11,8,878,405,hardhat
image no (172).jpg,914,3,379,121,hardhat
image no (173).jpg,30,32,229,111,hardhat
image no (174).jpg,38,55,32,25,hardhat
image no (174).jpg,54,96,29,33,mask
image no (174).jpg,94,105,16,26,hardhat
image no (174).jpg,130,96,29,20,hardhat
image no (174).jpg,174,64,36,34,hardhat
image no (174).jpg,246,71,36,34,hardhat
image no (174).jpg,26,91,21,113,vest
image no (174).jpg,54,140,63,90,vest
image no (174).jpg,149,126,76,108,vest
image no (174).jpg,246,128,52,96,vest
image no (175).jpg,267,132,413,276,hardhat
image no (175).jpg,311,453,260,200,mask
image no (176).jpg,92,430,142,111,hardhat
image no (176).jpg,256,319,171,92,hardhat
image no (177).jpg,249,77,121,109,hardhat
image no (177).jpg,604,211,132,89,hardhat
image no (177).jpg,553,345,184,263,vest
image no (178).jpg,338,16,116,82,hardhat
image no (179).jpg,69,412,244,112,hardhat
image no (179).jpg,405,388,203,110,hardhat
image no (179).jpg,800,364,224,157,hardhat
image no (180).jpg,14,194,266,208,hardhat
image no (180).jpg,156,1,167,89,hardhat
image no (180).jpg,360,14,140,110,hardhat
image no (180).jpg,571,62,161,114,hardhat
image no (180).jpg,664,155,276,258,hardhat
image no (181).jpg,330,564,98,91,hardhat
image no (181).jpg,455,580,91,66,hardhat
image no (181).jpg,334,708,139,243,vest
image no (182).jpg,214,0,312,152,hardhat
image no (183).jpg,915,14,375,177,hardhat
image no (184).jpg,123,31,226,156,hardhat
image no (184).jpg,619,143,187,81,hardhat
image no (184).jpg,433,222,76,52,hardhat
image no (184).jpg,554,313,107,276,hardhat
image no (187).jpg,707,75,345,193,hardhat
image no (188).jpg,229,184,139,75,hardhat
image no (188).jpg,454,187,122,77,hardhat
image no (188).jpg,606,190,184,102,hardhat
image no (189).jpg,158,97,159,60,hardhat
image no (189).jpg,394,170,141,97,hardhat
image no (189).jpg,589,243,99,80,hardhat
image no (189).jpg,692,223,112,80,hardhat
image no (190).jpg,80,11,55,41,hardhat
image no (190).jpg,143,28,47,25,hardhat
image no (191).jpg,278,219,198,105,hardhat
image no (191).jpg,491,154,149,98,hardhat
image no (191).jpg,708,179,85,88,hardhat
image no (191).jpg,816,162,150,93,hardhat
image no (193).jpg,159,192,122,156,hardhat
image no (193).jpg,384,176,207,195,hardhat
image no (194).jpg,194,102,96,82,hardhat
image no (194).jpg,302,121,76,83,hardhat
image no (195).jpg,255,754,596,529,hardhat
image no (195).jpg,1423,827,693,590,hardhat
image no (195).jpg,2292,651,961,517,hardhat
image no (195).jpg,3739,1113,596,377,hardhat
image no (195).jpg,4584,827,584,444,hardhat
image no (196).jpg,171,7,232,163,hardhat
image no (196).jpg,48,325,456,448,vest
image no (197).jpg,140,185,21,17,hardhat
image no (197).jpg,174,272,12,18,hardhat
image no (197).jpg,186,345,12,13,hardhat
image no (197).jpg,194,253,18,19,hardhat
image no (197).jpg,218,227,28,19,hardhat
image no (197).jpg,258,172,20,16,hardhat
image no (198).jpg,178,38,83,75,hardhat
image no (198).jpg,401,63,116,88,hardhat
image no (199).jpg,638,52,365,234,hardhat
image no (200).jpg,40,38,134,45,hardhat
image no (200).jpg,199,40,46,36,hardhat
image no (200).jpg,270,33,57,47,hardhat
image no (200).jpg,350,29,44,36,hardhat
image no (201).jpg,311,147,177,108,hardhat
image no (201).jpg,728,97,186,118,hardhat
image no (201).jpg,1010,41,261,175,hardhat
image no (202).jpg,60,69,347,236,hardhat
image no (202).jpg,542,64,296,181,hardhat
image no (202).jpg,939,117,278,152,hardhat
image no (203).jpg,112,105,146,77,hardhat
image no (203).jpg,366,126,110,69,hardhat
image no (203).jpg,577,124,134,54,hardhat
image no (203).jpg,770,141,114,45,hardhat
image no (204).jpg,228,156,478,254,hardhat
image no (205).jpg,58,203,369,192,hardhat
image no (205).jpg,497,16,478,290,hardhat
image no (206).jpg,247,152,229,77,hardhat
image no (206).jpg,64,116,197,107,hardhat
image no (206).jpg,554,126,209,71,hardhat
image no (206).jpg,857,131,167,71,hardhat
image no (206).jpg,1048,115,174,66,hardhat
image no (207).jpg,420,85,444,232,hardhat
image no (207).jpg,179,575,857,276,vest
image no (208).jpg,114,247,732,402,hardhat
image no (208).jpg,137,878,764,460,vest
image no (209).jpg,48,45,619,240,hardhat
image no (210).jpg,352,51,272,144,hardhat
image no (210).jpg,669,16,254,160,hardhat
image no (210).jpg,146,247,489,336,vest
image no (210).jpg,654,247,335,323,vest
image no (211).jpg,22,32,284,170,hardhat
image no (211).jpg,478,13,287,135,hardhat
image no (212).jpg,49,43,128,77,hardhat
image no (212).jpg,188,84,110,65,hardhat
image no (213).jpg,195,121,239,100,hardhat
image no (213).jpg,501,105,244,89,hardhat
image no (213).jpg,695,250,230,94,hardhat
image no (213).jpg,963,97,241,129,hardhat
image no (213).jpg,440,292,311,397,vest
image no (214).jpg,227,37,410,196,hardhat
image no (214).jpg,728,157,215,161,hardhat
image no (215).jpg,269,185,477,333,hardhat
image no (216).jpg,361,387,468,206,hardhat
image no (217).jpg,282,53,432,319,hardhat
image no (219).jpg,1291,134,717,344,hardhat
image no (219).jpg,1070,501,990,802,vest
image no (221).jpg,723,147,394,238,hardhat
image no (221).jpg,685,494,508,243,vest
image no (222).jpg,158,205,452,196,hardhat
image no (222).jpg,215,468,260,181,mask
image no (223).jpg,293,52,188,92,hardhat
image no (223).jpg,291,204,218,264,vest
image no (224).jpg,171,67,375,139,hardhat
image no (224).jpg,12,222,694,479,vest
image no (225).jpg,16,60,250,181,hardhat
image no (226).jpg,277,243,123,129,hardhat
image no (226).jpg,394,35,164,141,hardhat
image no (226).jpg,480,456,176,125,boots
image no (226).jpg,241,461,85,83,boots
image no (227).jpg,132,129,44,38,hardhat
image no (227).jpg,76,100,78,32,hardhat
image no (227).jpg,204,260,74,28,hardhat
image no (227).jpg,190,282,70,71,vest
image no (227).jpg,109,160,50,96,vest
image no (227).jpg,57,112,49,103,vest
image no (228).jpg,440,117,215,97,hardhat
image no (228).jpg,429,227,231,244,vest
image no (228).jpg,478,602,128,138,boots
image no (229).jpg,241,111,151,108,hardhat
image no (230).jpg,198,62,311,213,hardhat
image no (230).jpg,114,324,397,340,vest
image no (231).jpg,246,116,74,69,hardhat
image no (231).jpg,454,104,74,83,hardhat
image no (231).jpg,154,194,189,118,vest
image no (232).jpg,255,97,296,125,hardhat
image no (232).jpg,153,257,541,354,vest
image no (233).jpg,299,6,162,63,hardhat
image no (235).jpg,67,26,231,149,hardhat
image no (235).jpg,19,221,236,372,vest
image no (236).jpg,103,25,126,60,hardhat
image no (236).jpg,74,140,154,160,vest
image no (238).jpg,209,28,149,72,hardhat
image no (238).jpg,150,135,259,136,vest
image no (239).jpg,788,67,309,216,hardhat
image no (239).jpg,1172,105,266,211,hardhat
image no (239).jpg,680,316,401,332,vest
image no (239).jpg,1108,295,262,362,vest
image no (240).jpg,648,278,197,131,hardhat
image no (241).jpg,199,164,95,80,hardhat
image no (241).jpg,345,56,103,72,hardhat
image no (241).jpg,338,143,138,230,vest
image no (242).jpg,25,2,141,65,hardhat
image no (242).jpg,12,72,192,72,vest
image no (243).jpg,260,323,1383,930,hardhat
image no (244).jpg,80,15,203,75,hardhat
image no (244).jpg,399,35,192,96,hardhat
image no (245).jpg,38,282,264,130,hardhat
image no (245).jpg,488,224,314,105,hardhat
image no (246).jpg,609,10,272,149,hardhat
image no (246).jpg,574,229,434,482,vest
image no (247).jpg,600,19,283,156,hardhat
image no (248).jpg,252,125,354,134,hardhat
image no (248).jpg,125,345,558,490,vest
image no (249).jpg,238,65,393,201,hardhat
image no (249).jpg,208,416,470,627,vest
image no (250).jpg,362,74,352,270,hardhat
image no (250).jpg,521,6,212,398,vest
image no (251).jpg,413,276,315,220,hardhat
image no (251).jpg,750,314,448,196,hardhat
image no (252).jpg,311,46,264,116,hardhat
image no (252).jpg,209,986,485,241,boots
image no (253).jpg,287,19,305,129,hardhat
image no (253).jpg,254,249,472,498,vest
image no (254).jpg,23,22,679,432,hardhat
image no (255).jpg,224,120,333,143,hardhat
image no (255).jpg,132,333,574,731,vest
image no (256).jpg,292,79,324,164,hardhat
image no (256).jpg,238,326,407,588,vest
image no (257).jpg,149,59,1675,893,hardhat
image no (260).jpg,839,11,390,145,hardhat
image no (260).jpg,757,375,334,106,vest
image no (261).jpg,49,37,83,58,hardhat
image no (261).jpg,219,264,107,60,hardhat
image no (261).jpg,370,39,96,75,hardhat
image no (261).jpg,499,3,78,47,hardhat
image no (261).jpg,519,62,44,38,mask
image no (261).jpg,400,114,38,34,mask
image no (261).jpg,205,90,57,40,mask
image no (261).jpg,72,99,47,30,mask
image no (261).jpg,24,126,122,126,vest
image no (261).jpg,171,136,117,119,vest
image no (261).jpg,487,108,107,120,vest
image no (262).jpg,94,91,221,150,hardhat
image no (262).jpg,688,140,214,123,hardhat
image no (262).jpg,1040,374,205,88,hardhat
image no (262).jpg,1088,491,139,81,mask
image no (262).jpg,782,258,114,91,mask
image no (262).jpg,423,486,118,87,mask
image no (262).jpg,172,248,89,58,mask
image no (262).jpg,42,287,228,296,vest
image no (262).jpg,336,573,241,281,vest
image no (262).jpg,996,532,263,319,vest
image no (264).jpg,583,110,77,67,mask
image no (265).jpg,130,412,231,213,mask
image no (265).jpg,808,414,176,140,mask
image no (265).jpg,1154,270,192,162,mask
image no (266).jpg,42,19,132,53,hardhat
image no (266).jpg,312,17,154,51,hardhat
image no (266).jpg,2,151,224,257,vest
image no (266).jpg,260,152,222,262,vest
image no (267).jpg,369,42,218,129,hardhat
image no (267).jpg,608,52,129,93,hardhat
image no (267).jpg,783,30,166,99,hardhat
image no (270).jpg,411,17,469,304,hardhat
image no (270).jpg,141,548,678,294,vest
image no (271).jpg,240,478,409,326,boots
image no (272).jpg,1106,53,1278,645,hardhat
image no (272).jpg,1610,1373,1018,809,vest
image no (273).jpg,457,31,379,196,hardhat
image no (274).jpg,208,196,491,237,boots
image no (274).jpg,770,329,341,179,boots
image no (275).jpg,1225,134,747,485,hardhat
image no (275).jpg,3927,366,679,470,hardhat
image no (275).jpg,2218,567,635,418,hardhat
image no (275).jpg,4652,418,538,418,hardhat
image no (275).jpg,1150,4181,1195,269,boots
image no (276).jpg,62,94,180,113,hardhat
image no (276).jpg,182,63,108,72,hardhat
image no (276).jpg,25,254,209,183,mask
image no (276).jpg,227,168,91,92,vest
image no (277).jpg,334,21,137,116,hardhat
image no (277).jpg,374,165,146,107,vest
image no (278).jpg,52,71,242,193,hardhat
image no (278).jpg,310,64,116,94,mask
image no (278).jpg,541,136,238,317,boots
image no (278).jpg,28,168,518,312,vest
image no (279).jpg,680,68,470,535,boots
image no (280).jpg,63,144,281,261,vest
image no (280).jpg,57,710,226,87,boots
image no (281).jpg,606,121,173,100,hardhat
image no (281).jpg,411,890,297,268,boots
image no (281).jpg,439,240,277,420,vest
image no (282).jpg,199,60,216,150,hardhat
image no (283).jpg,305,48,314,186,hardhat
image no (284).jpg,1278,359,1146,479,hardhat
image no (284).jpg,941,1744,1706,697,vest
image no (285).jpg,106,81,84,74,hardhat
image no (285).jpg,202,85,89,68,hardhat
image no (285).jpg,409,132,71,63,hardhat
image no (285).jpg,527,96,111,53,hardhat
image no (286).jpg,9,106,502,217,vest
image no (287).jpg,516,288,80,56,hardhat
image no (287).jpg,623,104,29,53,hardhat
image no (287).jpg,626,372,55,37,hardhat
image no (287).jpg,610,456,41,36,hardhat
image no (287).jpg,878,477,62,45,hardhat
image no (287).jpg,695,520,39,24,hardhat
image no (287).jpg,603,141,77,88,vest
image no (287).jpg,535,338,65,46,vest
image no (287).jpg,529,440,76,50,boots
image no (288).jpg,217,12,121,51,hardhat
image no (288).jpg,169,105,197,230,vest
image no (289).jpg,212,2599,1671,835,vest
image no (289).jpg,3634,2905,517,754,vest
image no (290).jpg,536,113,223,121,hardhat
image no (290).jpg,520,367,304,357,vest
image no (291).jpg,158,108,242,203,vest
image no (292).jpg,53,9,205,154,vest
image no (293).jpg,87,90,862,907,vest
image no (294).jpg,650,480,241,172,hardhat
image no (294).jpg,736,304,290,422,vest
image no (295).jpg,8,4,353,460,vest
image no (296).jpg,307,63,348,379,vest
image no (297).jpg,54,79,897,618,vest
image no (298).jpg,360,8,217,320,vest
image no (298).jpg,247,120,158,151,hardhat
image no (299).jpg,763,44,316,229,hardhat
image no (299).jpg,1193,97,203,236,hardhat
image no (299).jpg,719,305,326,333,vest
image no (299).jpg,1102,294,261,366,vest
image no (300).jpg,158,94,116,100,hardhat
image no (300).jpg,323,138,99,93,hardhat
image no (300).jpg,453,140,81,91,hardhat
image no (300).jpg,569,151,86,68,hardhat
image no (300).jpg,694,164,103,76,hardhat
image no (300).jpg,120,245,199,264,vest
image no (300).jpg,323,266,110,211,vest
image no (300).jpg,450,268,93,199,vest
image no (300).jpg,556,276,125,158,vest
image no (300).jpg,695,270,135,185,vest
image no (300).jpg,413,695,151,55,boots
image no (300).jpg,575,683,113,49,boots
image no (300).jpg,710,670,118,53,boots
image no (300).jpg,135,681,128,54,boots
image no (1).jpeg,624,196,78,64,mask
image no (1).jpeg,852,244,81,75,mask
image no (1).jpeg,480,216,68,44,mask
image no (1).jpeg,382,300,59,53,mask
image no (1).jpeg,112,207,126,71,mask
image no (1).jpeg,730,191,66,59,mask
image no (1).jpg,497,68,276,189,hardhat
image no (1).jpg,394,386,473,729,vest
image no (2).jpeg,81,162,168,107,hardhat
image no (2).jpg,150,10,90,51,hardhat
image no (2).jpg,386,5,72,25,hardhat
image no (2).jpg,116,96,138,172,vest
image no (2).jpg,343,71,149,133,vest
image no (3).jpg,203,11,132,95,hardhat
image no (3).jpg,281,107,234,314,vest
image no (4).jpg,313,186,108,216,vest
image no (4).jpg,32,134,184,213,vest
image no (4).png,318,19,251,183,hardhat
image no (5).jpg,404,290,444,630,vest
image no (5).png,170,216,46,90,vest
image no (5).png,226,229,47,80,vest
image no (5).png,191,185,30,27,hardhat
image no (5).png,245,195,29,26,hardhat
image no (6).jpg,159,20,119,64,hardhat
image no (6).jpg,166,177,193,154,vest
image no (6).png,165,2,217,71,hardhat
image no (7).jpg,186,40,123,179,vest
image no (7).jpg,414,92,92,179,vest
image no (7).jpg,523,100,63,140,vest
image no (7).jpg,99,381,81,33,boots
image no (7).png,288,27,306,180,hardhat
image no (7).png,223,443,466,650,vest
image no (8).jpg,892,126,286,193,hardhat
image no (8).jpg,1257,277,201,198,hardhat
image no (8).jpg,691,387,551,386,vest
image no (8).jpg,1335,563,249,233,vest
image no (8).png,57,86,110,126,vest
image no (8).png,32,366,120,46,boots
image no (11).jpg,34,119,528,788,boots
image no (13).jpg,90,138,714,904,boots
image no (14).jpg,133,591,421,359,boots
image no (15).jpg,213,110,250,266,boots
image no (15).jpg,500,175,300,335,boots
image no (15).jpg,889,298,382,390,boots
image no (16).jpg,117,1,549,579,boots
image no (17).jpg,24,355,620,550,boots
img-1.jpg,122,56,33,12,hardhat
img-1.jpg,122,75,30,12,mask
img-1.jpg,108,254,32,25,boots
img-1.jpg,152,249,34,30,boots
img-1.jpg,370,190,98,43,hardhat
img-1.jpg,420,261,47,35,mask
img-1.jpg,352,319,165,193,vest
img-1.jpg,358,722,64,56,boots
img-1.jpg,186,449,51,35,hardhat
img-1.jpg,193,494,29,22,mask
img-1.jpg,167,515,67,110,vest
img-1.jpg,139,731,39,28,boots
img-1.jpg,193,756,24,28,boots
img-1.jpg,776,299,56,38,hardhat
img-1.jpg,777,348,42,17,mask
img-1.jpg,746,370,92,139,vest
img-1.jpg,744,672,35,58,boots
img-1.jpg,785,649,42,33,boots
img-2.jpg,565,60,178,88,hardhat
img-2.jpg,592,185,114,52,mask
img-2.jpg,537,264,255,361,vest
img-2.jpg,725,1056,77,77,boots
img-3.jpg,215,66,83,54,hardhat
img-3.jpg,202,175,132,165,vest
img-3.jpg,193,574,84,51,boots
img-3.jpg,286,525,52,39,boots
img-4.jpg,234,44,168,81,hardhat
img-4.jpg,484,50,140,72,hardhat
img-4.jpg,182,199,220,346,vest
img-5.jpg,303,151,169,97,hardhat
img-5.jpg,647,108,198,94,hardhat
img-5.jpg,131,403,362,464,vest
img-5.jpg,567,376,374,476,vest
img-5.jpg,1004,269,188,272,vest
img-6.jpg,81,4,53,24,hardhat
img-6.jpg,65,68,81,144,vest
img-7.jpg,196,75,244,138,hardhat
img-7.jpg,92,370,389,587,vest
img-8.jpg,559,51,315,152,hardhat
img-8.jpg,578,467,518,598,vest
img-9.jpg,270,158,380,219,hardhat
img-9.jpg,203,630,579,861,vest
img-10.jpg,110,34,76,55,hardhat
img-10.jpg,46,135,172,246,vest
img-11.jpg,217,214,281,106,hardhat
img-11.jpg,134,494,372,591,vest
img-12.jpg,138,27,139,62,hardhat
img-12.jpg,88,193,226,289,vest
img-13.jpg,133,9,44,39,hardhat
img-13.jpg,132,53,62,52,vest
img-14.jpg,576,12,78,45,hardhat
img-14.jpg,499,486,67,46,boots
img-14.jpg,574,501,66,39,boots
img-15.jpg,87,77,134,62,hardhat
img-15.jpg,69,215,182,221,vest
img-15.jpg,246,675,135,123,boots
img-15.jpg,393,441,161,87,boots
img-16.jpg,269,33,128,96,hardhat
img-16.jpg,197,174,228,296,vest
img-16.jpg,144,762,111,104,boots
img-16.jpg,285,750,93,111,boots
img-18.jpg,237,62,110,57,hardhat
img-18.jpg,179,185,198,236,vest
img-18.jpg,285,650,87,131,boots
img-18.jpg,384,584,87,101,boots
img-19.jpg,155,44,55,29,hardhat
img-19.jpg,142,100,94,109,vest
img-19.jpg,191,304,53,24,boots
img-19.jpg,325,44,50,40,hardhat
img-19.jpg,394,114,96,162,vest
img-20.jpg,230,81,113,66,hardhat
img-20.jpg,181,187,174,294,vest
img-20.jpg,142,828,82,124,boots
img-20.jpg,242,794,102,117,boots
img-20.jpg,403,825,77,97,boots
img-20.jpg,558,789,113,111,boots
img-20.jpg,653,750,118,70,boots
img-20.jpg,828,798,93,99,boots
img-20.jpg,1015,785,75,66,boots
img-20.jpg,1126,868,65,84,boots
img-20.jpg,997,271,194,303,vest
img-20.jpg,735,264,165,219,vest
img-20.jpg,481,274,169,294,vest
img-20.jpg,520,131,113,74,hardhat
img-20.jpg,760,102,124,82,hardhat
img-20.jpg,1049,115,111,84,hardhat
img-21.jpg,85,38,122,64,hardhat
img-21.jpg,38,189,198,352,vest
img-21.jpg,241,308,209,236,vest
img-21.jpg,430,203,234,333,vest
img-21.jpg,223,127,151,73,hardhat
img-21.jpg,419,30,158,79,hardhat
img-22.jpg,148,1,218,165,hardhat
img-22.jpg,389,100,173,109,hardhat
img-22.jpg,11,228,323,448,vest
img-22.jpg,372,341,276,298,vest
img-23.jpg,281,125,195,127,hardhat
img-23.jpg,171,324,327,342,vest
img-23.jpg,565,218,101,70,mask
img-24.jpg,148,115,150,72,hardhat
img-24.jpg,145,243,181,254,vest
img-24.jpg,649,153,42,55,mask
img-25.jpg,175,60,54,73,vest
img-25.jpg,193,16,30,21,hardhat
img-25.jpg,201,41,22,18,mask
img-25.jpg,36,146,22,18,boots
img-26.jpg,92,14,50,30,hardhat
img-26.jpg,74,76,83,60,vest
img-26.jpg,103,55,31,17,mask
img-27.jpg,107,41,47,39,mask
img-27.jpg,64,82,117,74,vest
img-27.jpg,230,129,35,27,vest
img-27.jpg,236,75,40,35,hardhat
img-27.jpg,101,8,54,15,hardhat
img-28.jpg,302,131,181,263,vest
img-28.jpg,347,4,87,49,hardhat
img-29.jpg,192,204,122,140,vest
img-29.jpg,208,120,46,37,hardhat
img-29.jpg,208,178,43,22,mask
img-29.jpg,361,212,111,122,vest
img-29.jpg,355,138,63,35,hardhat
img-29.jpg,368,183,34,21,mask
img-29.jpg,453,93,61,36,mask
img-29.jpg,426,38,92,48,hardhat
img-30.jpeg,37,2,501,149,hardhat
img-30.jpeg,356,201,149,229,mask
img-30.jpeg,464,305,329,206,hardhat
img-31.jpg,193,205,66,23,hardhat
img-31.jpg,211,247,39,21,mask
img-31.jpg,146,271,112,103,vest
img-31.jpg,391,164,137,136,mask
img-31.jpg,385,21,225,130,hardhat
img-32.jpg,254,169,109,156,vest
img-32.jpg,274,86,62,67,hardhat
img-32.jpg,358,16,101,46,hardhat
img-32.jpg,399,136,105,224,vest
img-32.jpg,550,205,211,330,vest
img-32.jpg,622,24,107,81,hardhat
img-32.jpg,215,448,65,52,boots
img-32.jpg,314,480,40,40,boots
img-33.jpg,516,2356,640,218,boots
img-33.jpg,120,2084,413,258,boots
img-33.jpg,880,587,462,324,hardhat
img-33.jpg,1098,996,204,169,mask
img-33.jpg,169,964,516,1027,vest
img-33.jpg,2160,1698,116,204,boots
img-33.jpg,2333,1667,124,182,boots
img-33.jpg,2036,533,400,587,vest
img-33.jpg,1987,147,236,249,hardhat
img-33.jpg,2076,422,102,102,mask
img-34.jpg,103,132,44,37,mask
img-34.jpg,56,182,109,157,vest
img-34.jpg,289,85,77,43,hardhat
img-34.jpg,501,142,37,26,hardhat
img-35.jpg,10,246,375,179,hardhat
img-35.jpg,675,116,305,198,hardhat
img-35.jpg,664,365,145,140,mask
img-35.jpg,144,617,467,244,vest
img-35.jpg,662,523,450,330,vest
img-36.jpg,591,56,362,218,hardhat
img-36.jpg,653,312,223,185,mask
img-36.jpg,417,510,682,344,vest
img-37.jpg,613,10,568,358,hardhat
img-38.jpg,328,228,20,52,boots
img-38.jpg,378,232,20,53,boots
img-38.jpg,341,72,71,91,vest
img-38.jpg,355,21,54,35,hardhat
img-39.jpg,9,475,179,259,boots
img-39.jpg,525,533,183,215,boots
img-39.jpg,268,3,213,223,hardhat
img-39.jpg,209,133,375,198,vest
img-40.jpg,35,4,36,46,hardhat
img-40.jpg,83,184,61,36,boots
img-40.jpg,132,171,45,24,boots
img-41.jpg,304,40,83,61,hardhat
img-41.jpg,208,394,124,82,boots
img-41.jpg,30,320,56,105,boots
img-41.jpg,165,96,128,129,vest
img-42.jpg,122,6,86,62,hardhat
img-42.jpg,116,119,98,142,vest
img-42.jpg,112,431,68,78,boots
img-42.jpg,170,400,41,96,boots
img-43.jpg,202,53,115,73,hardhat
img-43.jpg,112,357,98,56,boots
img-43.jpg,205,364,76,91,boots
img-43.jpg,320,113,114,199,vest
img-44.jpg,387,23,139,139,hardhat
img-44.jpg,285,1088,102,139,boots
img-44.jpg,428,1111,178,132,boots
img-44.jpg,273,269,278,354,vest
img-45.jpg,115,13,67,36,hardhat
img-45.jpg,101,89,105,115,vest
img-45.jpg,105,389,43,42,boots
img-45.jpg,159,400,53,39,boots
img-46.jpg,332,52,167,104,hardhat
img-46.jpg,299,273,245,308,vest
img-46.jpg,286,1132,115,100,boots
img-46.jpg,455,1127,165,126,boots
img-47.jpg,238,30,139,85,hardhat
img-47.jpg,195,234,225,483,vest
img-47.jpg,204,1006,173,277,boots
img-47.jpg,306,969,184,243,boots
img-48.jpg,359,41,173,93,hardhat
img-48.jpg,325,286,238,429,vest
img-48.jpg,234,933,186,279,boots
img-48.jpg,446,989,104,292,boots
img-48.jpg,381,165,91,63,mask
img-49.jpg,371,75,219,136,hardhat
img-49.jpg,392,246,141,96,mask
img-49.jpg,291,1260,174,182,boots
img-49.jpg,456,1124,203,128,boots
img-49.jpg,283,355,382,513,vest
img-50.jpg,482,125,207,113,hardhat
img-50.jpg,402,397,371,473,vest
img-50.jpg,283,1402,173,161,boots
img-50.jpg,578,1428,144,144,boots
img-51.jpg,354,56,151,83,hardhat
img-51.jpg,301,271,287,373,vest
img-51.jpg,197,1146,183,104,boots
img-51.jpg,458,1148,171,109,boots
img-52.jpg,61,244,33,63,mask
img-52.jpg,203,4,51,67,hardhat
img-52.jpg,188,248,58,53,mask
img-52.jpg,137,7,55,171,vest
img-53.jpg,388,76,93,79,hardhat
img-53.jpg,415,168,43,30,mask
img-53.jpg,327,576,58,67,boots
img-53.jpg,448,616,46,53,boots
img-54.jpg,1754,766,336,380,mask
img-54.jpg,1347,302,900,356,hardhat
img-56.jpg,603,90,923,620,hardhat
img-56.jpg,648,805,670,455,mask
img-57.jpg,457,535,50,54,boots
img-57.jpg,500,523,64,52,boots
img-57.jpg,438,214,52,23,hardhat
img-57.jpg,451,245,32,29,mask
img-57.jpg,684,608,48,59,boots
img-57.jpg,765,627,42,64,boots
img-57.jpg,740,274,40,24,mask
img-57.jpg,725,221,70,34,hardhat
img-58.jpg,573,54,300,163,hardhat
img-58.jpg,620,306,248,123,mask
img-58.jpg,532,486,560,447,vest
img-59.jpg,364,153,63,30,mask
img-59.jpg,159,424,18,20,boots
img-59.jpg,204,414,22,26,boots
img-59.jpg,171,230,65,107,vest
img-59.jpg,194,196,38,16,hardhat
img-59.jpg,327,193,168,228,vest
img-59.jpg,355,86,79,33,hardhat
img-60.jpg,246,247,156,209,vest
img-60.jpg,289,150,77,51,mask
img-60.jpg,91,5,131,73,hardhat
img-60.jpg,25,182,148,262,vest
img-60.jpg,535,351,59,48,mask
img-60.jpg,518,277,94,60,hardhat
img-60.jpg,690,388,48,48,mask
img-61.jpg,572,599,137,135,boots
img-61.jpg,605,166,123,53,boots
img-62.jpg,643,773,69,39,boots
img-62.jpg,726,765,100,42,boots
img-62.jpg,635,270,64,31,mask
img-62.jpg,610,199,93,47,hardhat
img-63.jpg,170,86,32,26,mask
img-63.jpg,163,36,55,36,hardhat
img-63.jpg,256,54,42,41,mask
img-63.jpg,249,12,61,24,hardhat
img-63.jpg,145,117,90,114,vest
img-63.jpg,246,101,117,131,vest
img-64.jpg,111,380,21,28,boots
img-64.jpg,145,379,37,26,boots
img-64.jpg,101,178,71,99,vest
img-64.jpg,125,132,41,18,hardhat
img-65.jpg,756,885,114,142,boots
img-65.jpg,896,902,77,110,boots
img-65.jpg,797,272,114,43,hardhat
img-66.jpg,393,291,52,73,boots
img-66.jpg,359,46,44,37,hardhat
img-66.jpg,386,108,88,81,vest
img-67.jpg,14,709,124,218,boots
img-67.jpg,200,703,145,205,boots
img-67.jpg,324,674,102,191,boots
img-67.jpg,614,740,123,206,boots
img-67.jpg,747,812,130,82,boots
img-67.jpg,160,51,113,78,hardhat
img-67.jpg,327,121,106,63,hardhat
img-67.jpg,563,94,121,53,hardhat
img-67.jpg,612,379,140,67,hardhat
img-68.jpg,258,91,139,84,hardhat
img-68.jpg,178,286,329,381,vest
img-68.jpg,152,1152,201,104,boots
img-68.jpg,396,1126,210,100,boots
img-69.jpg,221,1139,147,145,boots
img-69.jpg,524,1150,171,141,boots
img-69.jpg,310,262,284,416,vest
img-69.jpg,346,54,210,104,hardhat
img-70.jpg,8,319,35,42,boots
img-70.jpg,64,332,39,26,boots
img-70.jpg,284,355,73,45,boots
img-70.jpg,342,342,57,57,boots
img-70.jpg,410,341,34,51,boots
img-70.jpg,476,344,54,58,boots
img-70.jpg,37,48,57,28,hardhat
img-70.jpg,306,16,78,44,hardhat
img-70.jpg,439,2,59,43,hardhat
img-70.jpg,294,84,87,144,vest
img-70.jpg,525,120,54,109,vest
img-71.jpg,228,5,409,173,hardhat
img-71.jpg,407,278,235,169,mask
img-73.jpg,497,19,284,159,hardhat
img-73.jpg,617,675,124,140,boots
img-73.jpg,397,263,444,272,vest
img-75.jpg,331,0,136,104,hardhat
img-75.jpg,101,174,81,140,boots
img-75.jpg,0,201,41,144,boots
img-75.jpg,3,4,41,88,hardhat
img-76.jpg,69,199,30,53,boots
img-76.jpg,78,18,50,31,hardhat
img-77.jpg,249,203,172,111,hardhat
img-77.jpg,0,750,171,208,boots
img-77.jpg,379,696,177,234,boots
img-78.jpg,310,82,219,95,hardhat
img-78.jpg,195,1075,219,139,boots
img-78.jpg,559,1129,124,139,boots
img-79.jpg,93,4,30,24,hardhat
img-79.jpg,54,232,36,19,boots
img-79.jpg,102,233,21,18,boots
img-80.jpg,175,541,85,217,boots
img-80.jpg,231,549,72,145,boots
img-80.jpg,176,111,122,402,vest
img-80.jpg,235,57,99,80,hardhat
img-81.jpg,200,188,161,363,vest
img-81.jpg,140,570,73,180,boots
img-81.jpg,240,594,101,170,boots
img-82.jpg,49,563,164,176,boots
img-82.jpg,354,603,109,139,boots
img-82.jpg,158,163,300,253,vest
img-83.jpg,308,129,82,53,hardhat
img-83.jpg,257,243,187,345,vest
img-83.jpg,283,579,62,138,boots
img-83.jpg,384,593,77,124,boots
img-84.jpg,98,230,339,396,vest
img-84.jpg,121,954,102,264,boots
img-84.jpg,251,969,111,273,boots
img-85.jpg,322,18,174,101,hardhat
img-85.jpg,331,188,311,443,vest
img-85.jpg,224,944,183,210,boots
img-85.jpg,470,1020,192,300,boots
img-86.jpg,116,116,129,180,vest
img-86.jpg,130,20,67,54,hardhat
img-86.jpg,106,475,48,83,boots
img-86.jpg,169,466,59,80,boots
img-86.jpg,234,0,98,20,hardhat
img-86.jpg,254,79,136,152,vest
img-86.jpg,269,495,57,68,boots
img-86.jpg,335,530,39,56,boots
img-87.jpg,137,262,73,117,boots
img-87.jpg,218,252,83,111,boots
img-87.jpg,326,279,46,53,boots
img-87.jpg,373,272,31,39,boots
img-87.jpg,141,52,62,64,hardhat
img-87.jpg,322,92,70,56,hardhat
img-88.jpg,65,70,75,45,hardhat
img-88.jpg,167,440,78,43,boots
img-88.jpg,147,402,79,22,boots
img-89.jpg,871,231,160,66,hardhat
img-89.jpg,807,584,159,176,boots
img-89.jpg,972,665,202,108,boots
img-90.jpg,395,17,311,146,hardhat
img-90.jpg,57,257,560,429,vest
img-90.jpg,175,1152,185,308,boots
img-90.jpg,318,1100,289,345,boots
img-91.jpg,221,37,141,72,hardhat
img-91.jpg,155,706,109,218,boots
img-91.jpg,246,723,186,205,boots
img-92.jpg,399,90,142,92,hardhat
img-92.jpg,207,626,140,101,boots
img-92.jpg,452,908,138,68,boots
img-93.jpg,61,255,61,32,boots
img-93.jpg,153,247,68,35,boots
img-93.jpg,27,72,128,161,vest
img-94.jpg,149,215,208,481,vest
img-94.jpg,135,721,113,47,boots
img-94.jpg,280,714,84,61,boots
img-95.jpg,179,180,221,276,vest
img-95.jpg,197,618,69,81,boots
img-95.jpg,281,694,81,88,boots
img-96.jpg,310,279,32,32,boots
img-96.jpg,346,285,30,24,boots
img-96.jpg,424,283,44,29,boots
img-96.jpg,470,281,13,28,boots
img-96.jpg,328,109,49,85,vest
img-96.jpg,434,104,56,80,vest
img-96.jpg,339,74,39,26,hardhat
img-96.jpg,431,65,45,23,hardhat
img-97.jpg,309,74,90,77,hardhat
img-97.jpg,246,174,159,254,vest
img-97.jpg,159,690,84,68,boots
img-97.jpg,278,705,57,50,boots
img-98.jpg,38,238,16,46,boots
img-98.jpg,74,243,20,57,boots
img-98.jpg,58,105,59,83,vest
img-98.jpg,162,115,59,82,vest
img-98.jpg,151,291,23,59,boots
img-98.jpg,179,300,23,50,boots
img-99.jpg,120,31,62,20,hardhat
img-99.jpg,75,99,123,136,vest
img-99.jpg,107,332,37,80,boots
img-99.jpg,146,323,20,116,boots
img-100.jpg,41,230,40,83,boots
img-100.jpg,124,268,31,78,boots
img-100.jpg,93,99,87,125,vest
img-101.jpg,90,92,95,143,vest
img-101.jpg,110,333,46,63,boots
img-101.jpg,123,400,31,40,boots
img-102.jpg,315,18,70,45,hardhat
img-102.jpg,308,84,68,139,vest
img-102.jpg,297,351,52,49,boots
img-102.jpg,355,361,31,38,boots
img-103.jpg,698,323,152,179,mask
img-103.jpg,645,11,393,230,hardhat
img-104.jpg,176,112,169,110,hardhat
img-104.jpg,274,263,67,78,mask
img-104.jpg,127,352,271,167,vest
img-105.jpg,145,67,44,49,mask
img-105.jpg,138,4,112,27,hardhat
img-105.jpg,136,129,130,42,vest
img-106.jpg,223,192,104,72,mask
img-106.jpg,182,63,167,72,hardhat
img-107.jpg,303,144,182,234,vest
img-107.jpg,348,11,81,49,hardhat
img-108.jpg,94,89,83,87,vest
img-108.jpg,118,29,40,19,hardhat
img-108.jpg,127,64,25,9,mask
img-110.jpg,290,154,203,154,mask
img-110.jpg,226,7,345,71,hardhat
img-111.jpg,186,153,96,84,mask
img-111.jpg,115,12,175,108,hardhat
img-111.jpg,314,138,124,88,mask
img-111.jpg,306,32,139,80,hardhat
img-111.jpg,446,57,99,91,hardhat
img-111.jpg,445,166,83,75,mask
img-112.jpg,693,556,287,177,mask
img-112.jpg,676,221,356,239,hardhat
img-113.jpg,422,138,113,64,mask
img-114.jpg,129,261,193,205,mask
img-114.jpg,164,12,340,209,hardhat
img-115.jpg,104,5,54,27,hardhat
img-115.jpg,114,51,33,23,mask
img-115.jpg,70,79,114,81,vest
img-116.jpg,315,126,399,163,hardhat
img-116.jpg,341,490,300,207,mask
img-117.jpg,968,204,59,65,mask
img-117.jpg,931,85,131,93,hardhat
img-117.jpg,843,280,253,392,vest
img-117.jpg,203,704,48,61,boots
img-117.jpg,261,751,47,32,boots
img-118.jpg,294,702,370,336,mask
img-118.jpg,125,176,678,315,hardhat
img-119.jpg,328,165,210,163,mask
img-119.jpg,234,8,388,56,hardhat
img-120.jpg,746,343,314,204,hardhat
img-120.jpg,907,681,154,77,mask
img-120.jpg,1500,156,264,233,hardhat
img-120.jpg,1550,446,216,86,mask
img-120.jpg,1387,518,765,701,vest
img-121.png,164,212,161,171,mask
img-121.png,104,1,451,198,hardhat
img-122.jpg,96,86,52,40,mask
img-122.jpg,57,15,89,45,hardhat
img-123.jpg,310,361,157,74,hardhat
img-123.jpg,301,540,204,294,vest
img-123.jpg,343,1190,72,69,boots
img-123.jpg,440,1204,67,76,boots
img-123.jpg,320,459,104,69,mask
img-124.jpg,378,145,28,17,mask
img-124.jpg,384,102,46,34,hardhat
img-124.jpg,352,168,94,108,vest
img-124.jpg,371,404,22,36,boots
img-124.jpg,406,408,22,33,boots
img-124.jpg,497,163,108,189,vest
img-124.jpg,514,80,64,37,hardhat
img-124.jpg,509,519,41,33,boots
img-124.jpg,557,520,44,32,boots
img-125.jpg,203,160,49,34,mask
img-125.jpg,193,100,66,41,hardhat
img-125.jpg,166,194,136,152,vest
img-125.jpg,418,199,125,187,vest
img-125.jpg,438,104,59,34,hardhat
img-125.jpg,444,163,44,23,mask
img-125.jpg,402,546,48,45,boots
img-125.jpg,465,554,32,35,boots
img-125.jpg,892,103,54,49,hardhat
img-125.jpg,851,594,57,37,boots
img-125.jpg,917,604,60,37,boots
img-126.jpg,460,0,213,124,hardhat
img-126.jpg,502,136,100,89,mask
img-126.jpg,362,272,300,165,vest
img-127.jpg,313,208,175,207,vest
img-127.jpg,363,147,67,41,mask
img-127.jpg,358,81,79,40,hardhat
img-127.jpg,199,199,34,9,hardhat
img-127.jpg,169,234,63,98,vest
img-127.jpg,151,420,27,24,boots
img-127.jpg,199,412,31,33,boots
img-128.jpg,110,144,96,55,hardhat
img-128.jpg,125,234,81,33,mask
img-128.jpg,323,16,156,84,hardhat
img-128.jpg,359,129,99,75,mask
img-128.jpg,291,231,227,124,vest
img-128.jpg,90,275,126,77,vest
img-129.jpg,330,24,131,90,hardhat
img-129.jpg,326,123,80,61,mask
img-129.jpg,265,200,193,124,vest